<?xml version="1.0" encoding="UTF-8"?>
<!DOCTYPE mapper PUBLIC "-//mybatis.org//DTD Mapper 3.0//EN"
        "http://mybatis.org/dtd/mybatis-3-mapper.dtd" >
<mapper namespace="com.shape.dao.ActivityDao">

    <resultMap id="activity" type="com.shape.entity.Activity">
        <id property="id" column="id"></id>
        <result property="classId" column="class_id"></result>
        <result property="activityDate" column="activity_date" jdbcType="DATE" javaType="java.util.Date"></result>
        <result property="attendPerson" column="attend_person"></result>
        <result property="content" column="content"></result>
        <result property="organizePerson" column="organize_person"></result>
    </resultMap>

    <sql id="activity_colums">id,class_id,activity_date,attend_person,content,organize_person</sql>

    <insert id="insertActivity" parameterType="com.shape.entity.Activity" useGeneratedKeys="true" keyProperty="id">
        INSERT INTO activity
        (class_id,activity_date,attend_person,content,organize_person) VALUES
            ( #{classId},#{activityDate, jdbcType=DATE},#{attendPerson},#{content},#{organizePerson})
    </insert>

    <select id="queryActivity" resultMap="activity">
        SELECT <include refid="activity_colums"></include>
        FROM activity
    </select>


</mapper>