<?xml version="1.0" encoding="UTF-8"?>
<!DOCTYPE mapper PUBLIC "-//mybatis.org//DTD Mapper 3.0//EN"
        "http://mybatis.org/dtd/mybatis-3-mapper.dtd" >
<mapper namespace="com.shape.dao.AdviceDao">

    <sql id="advice_colums">id,advice_date,content</sql>

    <insert id="insertAdvice" parameterType="com.shape.entity.Advice" useGeneratedKeys="true" keyProperty="id">
        INSERT INTO advice
        (advice_date,content) VALUES
            ( #{activityDate, jdbcType=DATE},#{content})
    </insert>

    <select id="queryAdvice" resultType="com.shape.entity.Advice">
        SELECT <include refid="advice_colums"></include>
        FROM advice
    </select>


</mapper>