<?xml version="1.0" encoding="UTF-8"?>
<!DOCTYPE mapper PUBLIC "-//mybatis.org//DTD Mapper 3.0//EN"
        "http://mybatis.org/dtd/mybatis-3-mapper.dtd" >
<mapper namespace="com.shape.dao.ClassTeacherDao">

    <sql id="classteacher_colums">id,class_id,teacher_id</sql>

    <insert id="insertClassTeacher" useGeneratedKeys="true" keyProperty="id">
        INSERT INTO class_teacher
        (class_id,teacher_id) VALUES
            ( #{classId},#{teacherId})
    </insert>

    <select id="queryClassTeacher" parameterType="com.shape.query.ClassTeacherQuery" resultType="com.shape.entity.ClassTeacher">
        SELECT <include refid="classteacher_colums"></include>
        FROM class_teacher
        <where>
            <if test="teacherId != null">
                teacher_id = #{teacherId}
            </if>
            <if test="classId != null">
                AND class_id = #{classId}
            </if>
        </where>
    </select>


</mapper>