<?xml version="1.0" encoding="UTF-8"?>
<!DOCTYPE mapper PUBLIC "-//mybatis.org//DTD Mapper 3.0//EN"
        "http://mybatis.org/dtd/mybatis-3-mapper.dtd" >
<mapper namespace="com.shape.dao.EvaluateDao">

    <sql id="evaluate_colums">id,teacher_id,student_id,teacher_evaluate,student_evaluate</sql>

    <insert id="insertEvaluate" useGeneratedKeys="true" keyProperty="id">
        INSERT INTO evaluate
        (teacher_id,student_id,teacher_evaluate) VALUES
            ( #{teacherId},#{studentId},#{teacherEvaluate})
    </insert>

    <select id="queryEvaluate" resultType="com.shape.entity.Evaluate" parameterType="com.shape.query.EvaluateQuery">
        SELECT <include refid="evaluate_colums"></include>
        FROM evaluate
        <where>
            <if test="teacherId !=null">
                teacher_id=#{teacherId}
            </if>
            <if test="studentId !=null">
                AND student_id=#{studentId}
            </if>
        </where>
    </select>

    <update id="updateEvaluate" parameterType="com.shape.entity.Evaluate">
        update evaluate
        <set>
            <if test="teacherEvaluate != null">teacher_evaluate=#{teacherEvaluate}</if>
            <if test="studentEvaluate != null">student_evaluate=#{studentEvaluate}</if>
        </set>
        where id = #{id}
    </update>


</mapper>