<?xml version="1.0" encoding="UTF-8"?>
<!DOCTYPE mapper PUBLIC "-//mybatis.org//DTD Mapper 3.0//EN"
        "http://mybatis.org/dtd/mybatis-3-mapper.dtd" >
<mapper namespace="com.shape.dao.HomeworkDao">

    <sql id="homework_colums">id,class_id,content,teacher_id,student_id,teacher_revert,student_revert</sql>

    <insert id="insertHomework" parameterType="com.shape.entity.Homework" useGeneratedKeys="true" keyProperty="id">
        INSERT INTO homework
        (class_id,content,teacher_id,student_id) VALUES
            ( #{classId},#{content},#{teacherId},#{studentId})
    </insert>

    <select id="queryHomework" resultType="com.shape.entity.Homework" parameterType="com.shape.query.HomeworkQuery">
        SELECT <include refid="homework_colums"></include>
        FROM homework
        <where>
            <if test="teacherId != null">
                teacher_id=#{teacherId}
            </if>
            <if test="classId != null">
              AND class_id=#{classId}
            </if>
            <if test="studentId != null">
                AND student_id=#{studentId}
            </if>
        </where>
    </select>

    <update id="updateHomework">
        update homework
        <set>
            <if test="teacherRevert != null">teacher_revert=#{teacherRevert}</if>
            <if test="studentRevert != null">student_revert=#{studentRevert}</if>
        </set>
        where id=#{id}
    </update>

</mapper>