<?xml version="1.0" encoding="UTF-8"?>
<!DOCTYPE mapper PUBLIC "-//mybatis.org//DTD Mapper 3.0//EN"
        "http://mybatis.org/dtd/mybatis-3-mapper.dtd" >
<mapper namespace="com.shape.dao.UserDao">

    <sql id="user_colums">id,user_name,user_password,role</sql>

    <insert id="insertUser" parameterType="com.shape.entity.User" useGeneratedKeys="true" keyProperty="id">
        INSERT INTO user
        (user_name,user_password,role) VALUES
            ( #{userName},#{userPassword},#{role})
    </insert>

    <select id="queryUser" resultType="com.shape.entity.User" parameterType="com.shape.query.UserQuery">
        SELECT <include refid="user_colums"></include>
        FROM user
        <where>
            <if test="userName != null">
                user_name=#{userName}
            </if>
            <if test="role != null">
               AND role = #{role}
            </if>
        </where>
    </select>
    <update id="updateUser">
        UPDATE user
        <set>
            <if test="userPassword != null">user_password=#{userPassword}</if>
            <if test="role != null">role=#{role}</if>
        </set>
        where id =#{id}
    </update>
    <update id="updateUserByUserName">
        UPDATE user
        <set>
            <if test="userPassword != null">user_password=#{userPassword}</if>
            <if test="role != null">role=#{role}</if>
        </set>
        where user_name =#{userName}
    </update>

</mapper>